point_id,edge_id,sample_index,latitude,longitude,current_shade,last_1h_fraction,last_2h_fraction,last_4h_fraction,since_dawn_fraction,timestamp
urban_ns_001_0,urban_ns_001,0,42.358999999999995,-71.057,False,0.0,0.0,0.0,0.0,2024-06-15T12:00:00
urban_ns_001_1,urban_ns_001,1,42.35906637986543,-71.057,False,0.0,0.0,0.0,0.0,2024-06-15T12:00:00
urban_ns_001_2,urban_ns_001,2,42.359132759660746,-71.057,False,0.0,0.0,0.0,0.0,2024-06-15T12:00:00
urban_ns_001_3,urban_ns_001,3,42.35919913938593,-71.057,False,0.0,0.0,0.0,0.0,2024-06-15T12:00:00
urban_ns_001_4,urban_ns_001,4,42.359265519040996,-71.057,False,0.0,0.0,0.0,0.0,2024-06-15T12:00:00
urban_ns_001_5,urban_ns_001,5,42.35933189862594,-71.057,False,0.0,0.0,0.0,0.0,2024-06-15T12:00:00
urban_ns_001_6,urban_ns_001,6,42.35939827814076,-71.057,False,0.0,0.0,0.0,0.0,2024-06-15T12:00:00
urban_ns_001_7,urban_ns_001,7,42.359464657585455,-71.057,False,0.0,0.0,0.0,0.0,2024-06-15T12:00:00
urban_ns_001_8,urban_ns_001,8,42.35953103696003,-71.057,False,0.0,0.0,0.0,0.0,2024-06-15T12:00:00
urban_ns_001_9,urban_ns_001,9,42.359597416264485,-71.057,False,0.0,0.0,0.0,0.0,2024-06-15T12:00:00
urban_ns_001_10,urban_ns_001,10,42.35966379549881,-71.057,False,0.0,0.0,0.0,0.0,2024-06-15T12:00:00
urban_ns_001_11,urban_ns_001,11,42.35973017466302,-71.057,False,0.0,0.0,0.0,0.0,2024-06-15T12:00:00
urban_ns_001_12,urban_ns_001,12,42.35979655375711,-71.057,False,0.0,0.0,0.0,0.0,2024-06-15T12:00:00
urban_ns_001_13,urban_ns_001,13,42.35986293278107,-71.057,False,0.0,0.0,0.0,0.0,2024-06-15T12:00:00
urban_ns_001_14,urban_ns_001,14,42.35992931173491,-71.057,False,0.0,0.0,0.0,0.0,2024-06-15T12:00:00
urban_ns_001_15,urban_ns_001,15,42.359995690618625,-71.057,False,0.0,0.0,0.0,0.0,2024-06-15T12:00:00
urban_ns_001_16,urban_ns_001,16,42.36006206943222,-71.057,False,0.0,0.0,0.0,0.0,2024-06-15T12:00:00
urban_ns_001_17,urban_ns_001,17,42.36012844817569,-71.057,False,0.0,0.0,0.0,0.0,2024-06-15T12:00:00
urban_ns_001_18,urban_ns_001,18,42.360194826849046,-71.057,False,0.0,0.0,0.0,0.0,2024-06-15T12:00:00
urban_ns_001_19,urban_ns_001,19,42.36026120545226,-71.057,False,0.0,0.0,0.0,0.0,2024-06-15T12:00:00
urban_ns_001_20,urban_ns_001,20,42.36032758398537,-71.057,False,0.0,0.0,0.0,0.0,2024-06-15T12:00:00
urban_ns_001_21,urban_ns_001,21,42.360393962448356,-71.057,False,0.0,0.0,0.0,0.0,2024-06-15T12:00:00
urban_ns_001_22,urban_ns_001,22,42.36046034084121,-71.057,False,0.0,0.0,0.0,0.0,2024-06-15T12:00:00
urban_ns_001_23,urban_ns_001,23,42.36052671916395,-71.057,False,0.0,0.0,0.0,0.0,2024-06-15T12:00:00
urban_ns_001_24,urban_ns_001,24,42.360593097416555,-71.057,False,0.0,0.0,0.0,0.0,2024-06-15T12:00:00
urban_ns_001_25,urban_ns_001,25,42.36065947559904,-71.057,False,0.0,0.0,0.0,0.0,2024-06-15T12:00:00
urban_ns_001_26,urban_ns_001,26,42.360725853711415,-71.057,False,0.0,0.0,0.0,0.0,2024-06-15T12:00:00
urban_ns_001_27,urban_ns_001,27,42.36079223175366,-71.057,False,0.0,0.0,0.0,0.0,2024-06-15T12:00:00
urban_ns_001_28,urban_ns_001,28,42.36085860972578,-71.057,False,0.0,0.0,0.0,0.0,2024-06-15T12:00:00
urban_ns_001_29,urban_ns_001,29,42.36092498762779,-71.057,False,0.0,0.0,0.0,0.0,2024-06-15T12:00:00
urban_ns_001_30,urban_ns_001,30,42.360991365459654,-71.057,False,0.0,0.0,0.0,0.0,2024-06-15T12:00:00
urban_ns_001_31,urban_ns_001,31,42.36105774322141,-71.057,False,0.0,0.0,0.0,0.0,2024-06-15T12:00:00
urban_ns_001_32,urban_ns_001,32,42.36112412091304,-71.057,False,0.0,0.0,0.0,0.0,2024-06-15T12:00:00
urban_ns_001_33,urban_ns_001,33,42.36119049853455,-71.057,False,0.0,0.0,0.0,0.0,2024-06-15T12:00:00
urban_ns_001_34,urban_ns_001,34,42.361256876085925,-71.057,False,0.0,0.0,0.0,0.0,2024-06-15T12:00:00
urban_ns_001_35,urban_ns_001,35,42.36132325356719,-71.057,False,0.0,0.0,0.0,0.0,2024-06-15T12:00:00
urban_ns_001_36,urban_ns_001,36,42.36138963097833,-71.057,False,0.0,0.0,0.0,0.0,2024-06-15T12:00:00
urban_ns_001_37,urban_ns_001,37,42.361456008319344,-71.057,False,0.0,0.0,0.0,0.0,2024-06-15T12:00:00
urban_ns_001_38,urban_ns_001,38,42.361522385590234,-71.057,False,0.0,0.0,0.0,0.0,2024-06-15T12:00:00
urban_ns_001_39,urban_ns_001,39,42.36158876279101,-71.057,False,0.0,0.0,0.0,0.0,2024-06-15T12:00:00
urban_ns_001_40,urban_ns_001,40,42.36165513992166,-71.057,False,0.0,0.0,0.0,0.0,2024-06-15T12:00:00
urban_ns_001_41,urban_ns_001,41,42.36172151698218,-71.057,False,0.0,0.0,0.0,0.0,2024-06-15T12:00:00
urban_ns_001_42,urban_ns_001,42,42.36178789397258,-71.057,False,0.0,0.0,0.0,0.0,2024-06-15T12:00:00
urban_ns_001_43,urban_ns_001,43,42.361854270892856,-71.057,False,0.0,0.0,0.0,0.0,2024-06-15T12:00:00
urban_ns_001_44,urban_ns_001,44,42.361920647743005,-71.057,False,0.0,0.0,0.0,0.0,2024-06-15T12:00:00
urban_ns_001_45,urban_ns_001,45,42.361987024523046,-71.057,False,0.0,0.0,0.0,0.0,2024-06-15T12:00:00
urban_ns_001_46,urban_ns_001,46,42.362,-71.057,False,0.0,0.0,0.0,0.0,2024-06-15T12:00:00
urban_ew_001_0,urban_ew_001,0,42.36,-71.05899999999998,False,0.0,0.0,0.0,0.0,2024-06-15T12:00:00
urban_ew_001_1,urban_ew_001,1,42.36,-71.05891016847157,False,0.0,0.0,0.0,0.0,2024-06-15T12:00:00
urban_ew_001_2,urban_ew_001,2,42.36,-71.05882033694317,False,0.0,0.0,0.0,0.0,2024-06-15T12:00:00
urban_ew_001_3,urban_ew_001,3,42.36,-71.05873050541476,False,0.0,0.0,0.0,0.0,2024-06-15T12:00:00
urban_ew_001_4,urban_ew_001,4,42.36,-71.05864067388634,False,0.0,0.0,0.0,0.0,2024-06-15T12:00:00
urban_ew_001_5,urban_ew_001,5,42.36,-71.05855084235793,False,0.0,0.0,0.0,0.0,2024-06-15T12:00:00
urban_ew_001_6,urban_ew_001,6,42.36,-71.05846101082952,False,0.0,0.0,0.0,0.0,2024-06-15T12:00:00
urban_ew_001_7,urban_ew_001,7,42.36,-71.0583711793011,False,0.0,0.0,0.0,0.0,2024-06-15T12:00:00
urban_ew_001_8,urban_ew_001,8,42.36,-71.05828134777269,False,0.0,0.0,0.0,0.0,2024-06-15T12:00:00
urban_ew_001_9,urban_ew_001,9,42.36,-71.05819151624428,False,0.0,0.0,0.0,0.0,2024-06-15T12:00:00
urban_ew_001_10,urban_ew_001,10,42.36,-71.05810168471588,False,0.0,0.0,0.0,0.0,2024-06-15T12:00:00
urban_ew_001_11,urban_ew_001,11,42.36,-71.05801185318747,False,0.0,0.0,0.0,0.0,2024-06-15T12:00:00
urban_ew_001_12,urban_ew_001,12,42.36,-71.05792202165904,False,0.0,0.0,0.0,0.0,2024-06-15T12:00:00
urban_ew_001_13,urban_ew_001,13,42.36,-71.05783219013063,False,0.0,0.0,0.0,0.0,2024-06-15T12:00:00
urban_ew_001_14,urban_ew_001,14,42.36,-71.05774235860223,False,0.0,0.0,0.0,0.0,2024-06-15T12:00:00
urban_ew_001_15,urban_ew_001,15,42.36,-71.05765252707381,False,0.0,0.0,0.0,0.0,2024-06-15T12:00:00
urban_ew_001_16,urban_ew_001,16,42.36,-71.0575626955454,False,0.0,0.0,0.0,0.0,2024-06-15T12:00:00
urban_ew_001_17,urban_ew_001,17,42.36,-71.05747286401699,False,0.0,0.0,0.0,0.0,2024-06-15T12:00:00
urban_ew_001_18,urban_ew_001,18,42.36,-71.05738303248857,False,0.0,0.0,0.0,0.0,2024-06-15T12:00:00
urban_ew_001_19,urban_ew_001,19,42.36,-71.05729320096016,False,0.0,0.0,0.0,0.0,2024-06-15T12:00:00
urban_ew_001_20,urban_ew_001,20,42.36,-71.05720336943175,False,0.0,0.0,0.0,0.0,2024-06-15T12:00:00
urban_ew_001_21,urban_ew_001,21,42.36,-71.05711353790333,False,0.0,0.0,0.0,0.0,2024-06-15T12:00:00
urban_ew_001_22,urban_ew_001,22,42.36,-71.05702370637493,False,0.0,0.0,0.0,0.0,2024-06-15T12:00:00
urban_ew_001_23,urban_ew_001,23,42.36,-71.05693387484652,False,0.0,0.0,0.0,0.0,2024-06-15T12:00:00
urban_ew_001_24,urban_ew_001,24,42.36,-71.05684404331811,False,0.0,0.0,0.0,0.0,2024-06-15T12:00:00
urban_ew_001_25,urban_ew_001,25,42.36,-71.05675421178968,False,0.0,0.0,0.0,0.0,2024-06-15T12:00:00
urban_ew_001_26,urban_ew_001,26,42.36,-71.05666438026128,False,0.0,0.0,0.0,0.0,2024-06-15T12:00:00
urban_ew_001_27,urban_ew_001,27,42.36,-71.05657454873287,False,0.0,0.0,0.0,0.0,2024-06-15T12:00:00
urban_ew_001_28,urban_ew_001,28,42.36,-71.05648471720446,False,0.0,0.0,0.0,0.0,2024-06-15T12:00:00
urban_ew_001_29,urban_ew_001,29,42.36,-71.05639488567604,False,0.0,0.0,0.0,0.0,2024-06-15T12:00:00
urban_ew_001_30,urban_ew_001,30,42.36,-71.05630505414763,False,0.0,0.0,0.0,0.0,2024-06-15T12:00:00
urban_ew_001_31,urban_ew_001,31,42.36,-71.05621522261922,False,0.0,0.0,0.0,0.0,2024-06-15T12:00:00
urban_ew_001_32,urban_ew_001,32,42.36,-71.0561253910908,False,0.0,0.0,0.0,0.0,2024-06-15T12:00:00
urban_ew_001_33,urban_ew_001,33,42.36,-71.05603555956239,False,0.0,0.0,0.0,0.0,2024-06-15T12:00:00
urban_ew_001_34,urban_ew_001,34,42.36,-71.05594572803399,False,0.0,0.0,0.0,0.0,2024-06-15T12:00:00
urban_ew_001_35,urban_ew_001,35,42.36,-71.05585589650558,False,0.0,0.0,0.0,0.0,2024-06-15T12:00:00
urban_ew_001_36,urban_ew_001,36,42.36,-71.05576606497716,False,0.0,0.0,0.0,0.0,2024-06-15T12:00:00
urban_ew_001_37,urban_ew_001,37,42.36,-71.05567623344875,False,0.0,0.0,0.0,0.0,2024-06-15T12:00:00
urban_ew_001_38,urban_ew_001,38,42.36,-71.05558640192034,False,0.0,0.0,0.0,0.0,2024-06-15T12:00:00
urban_ew_001_39,urban_ew_001,39,42.36,-71.05549657039192,False,0.0,0.0,0.0,0.0,2024-06-15T12:00:00
urban_ew_001_40,urban_ew_001,40,42.36,-71.05540673886351,False,0.0,0.0,0.0,0.0,2024-06-15T12:00:00
urban_ew_001_41,urban_ew_001,41,42.36,-71.0553169073351,False,0.0,0.0,0.0,0.0,2024-06-15T12:00:00
urban_ew_001_42,urban_ew_001,42,42.36,-71.05522707580668,False,0.0,0.0,0.0,0.0,2024-06-15T12:00:00
urban_ew_001_43,urban_ew_001,43,42.36,-71.05513724427828,False,0.0,0.0,0.0,0.0,2024-06-15T12:00:00
urban_ew_001_44,urban_ew_001,44,42.36,-71.05504741274986,False,0.0,0.0,0.0,0.0,2024-06-15T12:00:00
urban_ew_001_45,urban_ew_001,45,42.36,-71.055,False,0.0,0.0,0.0,0.0,2024-06-15T12:00:00
residential_curve_001_0,residential_curve_001,0,42.358,-71.058,False,0.0,0.0,0.0,0.0,2024-06-15T12:00:00
residential_curve_001_1,residential_curve_001,1,42.358053386652664,-71.05794661353706,False,0.0,0.0,0.0,0.0,2024-06-15T12:00:00
residential_curve_001_2,residential_curve_001,2,42.35810677325997,-71.0578932270741,False,0.0,0.0,0.0,0.0,2024-06-15T12:00:00
residential_curve_001_3,residential_curve_001,3,42.35816015982193,-71.05783984061117,False,0.0,0.0,0.0,0.0,2024-06-15T12:00:00
residential_curve_001_4,residential_curve_001,4,42.35821354633851,-71.05778645414821,False,0.0,0.0,0.0,0.0,2024-06-15T12:00:00
residential_curve_001_5,residential_curve_001,5,42.35826693280975,-71.05773306768528,False,0.0,0.0,0.0,0.0,2024-06-15T12:00:00
residential_curve_001_6,residential_curve_001,6,42.358320319235645,-71.05767968122233,False,0.0,0.0,0.0,0.0,2024-06-15T12:00:00
residential_curve_001_7,residential_curve_001,7,42.35837370561617,-71.05762629475936,False,0.0,0.0,0.0,0.0,2024-06-15T12:00:00
residential_curve_001_8,residential_curve_001,8,42.358427091951334,-71.05757290829642,False,0.0,0.0,0.0,0.0,2024-06-15T12:00:00
residential_curve_001_9,residential_curve_001,9,42.358480478241155,-71.05751952183348,False,0.0,0.0,0.0,0.0,2024-06-15T12:00:00
residential_curve_001_10,residential_curve_001,10,42.358533864580785,-71.05746613554481,False,0.0,0.0,0.0,0.0,2024-06-15T12:00:00
residential_curve_001_11,residential_curve_001,11,42.358587250929915,-71.05741274935664,False,0.0,0.0,0.0,0.0,2024-06-15T12:00:00
residential_curve_001_12,residential_curve_001,12,42.35864063723369,-71.05735936316846,False,0.0,0.0,0.0,0.0,2024-06-15T12:00:00
residential_curve_001_13,residential_curve_001,13,42.35869402349212,-71.05730597698027,False,0.0,0.0,0.0,0.0,2024-06-15T12:00:00
residential_curve_001_14,residential_curve_001,14,42.35874740970518,-71.05725259079209,False,0.0,0.0,0.0,0.0,2024-06-15T12:00:00
residential_curve_001_15,residential_curve_001,15,42.358800795872895,-71.0571992046039,False,0.0,0.0,0.0,0.0,2024-06-15T12:00:00
residential_curve_001_16,residential_curve_001,16,42.35885418199525,-71.05714581841572,False,0.0,0.0,0.0,0.0,2024-06-15T12:00:00
residential_curve_001_17,residential_curve_001,17,42.35890756807224,-71.05709243222752,False,0.0,0.0,0.0,0.0,2024-06-15T12:00:00
residential_curve_001_18,residential_curve_001,18,42.35896095410388,-71.05703904603934,False,0.0,0.0,0.0,0.0,2024-06-15T12:00:00
residential_curve_001_19,residential_curve_001,19,42.359014340130464,-71.05698565992495,False,0.0,0.0,0.0,0.0,2024-06-15T12:00:00
residential_curve_001_20,residential_curve_001,20,42.35906772622142,-71.05693227401153,False,0.0,0.0,0.0,0.0,2024-06-15T12:00:00
residential_curve_001_21,residential_curve_001,21,42.35912111226702,-71.05687888809813,False,0.0,0.0,0.0,0.0,2024-06-15T12:00:00
residential_curve_001_22,residential_curve_001,22,42.35917449826727,-71.0568255021847,False,0.0,0.0,0.0,0.0,2024-06-15T12:00:00
residential_curve_001_23,residential_curve_001,23,42.35922788422215,-71.05677211627128,False,0.0,0.0,0.0,0.0,2024-06-15T12:00:00
residential_curve_001_24,residential_curve_001,24,42.359281270131675,-71.05671873035786,False,0.0,0.0,0.0,0.0,2024-06-15T12:00:00
residential_curve_001_25,residential_curve_001,25,42.35933465599586,-71.05666534444444,False,0.0,0.0,0.0,0.0,2024-06-15T12:00:00
residential_curve_001_26,residential_curve_001,26,42.359388041814675,-71.05661195853102,False,0.0,0.0,0.0,0.0,2024-06-15T12:00:00
residential_curve_001_27,residential_curve_001,27,42.35944142758813,-71.0565585726176,False,0.0,0.0,0.0,0.0,2024-06-15T12:00:00
residential_curve_001_28,residential_curve_001,28,42.35949481331623,-71.05650518670417,False,0.0,0.0,0.0,0.0,2024-06-15T12:00:00
residential_curve_001_29,residential_curve_001,29,42.3595,-71.0565,False,0.0,0.0,0.0,0.0,2024-06-15T12:00:00
park_diagonal_001_0,park_diagonal_001,0,42.357,-71.06,False,0.0,0.0,0.0,0.0,2024-06-15T12:00:00
park_diagonal_001_1,park_diagonal_001,1,42.357053387427214,-71.05994661339969,False,0.0,0.0,0.0,0.0,2024-06-15T12:00:00
park_diagonal_001_2,park_diagonal_001,2,42.35710677480908,-71.05989322679936,False,0.0,0.0,0.0,0.0,2024-06-15T12:00:00
park_diagonal_001_3,park_diagonal_001,3,42.35716016214558,-71.05983984019905,False,0.0,0.0,0.0,0.0,2024-06-15T12:00:00
park_diagonal_001_4,park_diagonal_001,4,42.35721354943673,-71.05978645359872,False,0.0,0.0,0.0,0.0,2024-06-15T12:00:00
park_diagonal_001_5,park_diagonal_001,5,42.357266936682514,-71.0597330669984,False,0.0,0.0,0.0,0.0,2024-06-15T12:00:00
park_diagonal_001_6,park_diagonal_001,6,42.35732032388296,-71.05967968039808,False,0.0,0.0,0.0,0.0,2024-06-15T12:00:00
park_diagonal_001_7,park_diagonal_001,7,42.35737371103804,-71.05962629379775,False,0.0,0.0,0.0,0.0,2024-06-15T12:00:00
park_diagonal_001_8,park_diagonal_001,8,42.35742709814777,-71.05957290719743,False,0.0,0.0,0.0,0.0,2024-06-15T12:00:00
park_diagonal_001_9,park_diagonal_001,9,42.35748048521213,-71.0595195205971,False,0.0,0.0,0.0,0.0,2024-06-15T12:00:00
park_diagonal_001_10,park_diagonal_001,10,42.35753387223116,-71.05946613399679,False,0.0,0.0,0.0,0.0,2024-06-15T12:00:00
park_diagonal_001_11,park_diagonal_001,11,42.35758725920481,-71.05941274739646,False,0.0,0.0,0.0,0.0,2024-06-15T12:00:00
park_diagonal_001_12,park_diagonal_001,12,42.35764064613312,-71.05935936079614,False,0.0,0.0,0.0,0.0,2024-06-15T12:00:00
park_diagonal_001_13,park_diagonal_001,13,42.35769403301606,-71.05930597419581,False,0.0,0.0,0.0,0.0,2024-06-15T12:00:00
park_diagonal_001_14,park_diagonal_001,14,42.35774741985366,-71.0592525875955,False,0.0,0.0,0.0,0.0,2024-06-15T12:00:00
park_diagonal_001_15,park_diagonal_001,15,42.35780080664589,-71.05919920099517,False,0.0,0.0,0.0,0.0,2024-06-15T12:00:00
park_diagonal_001_16,park_diagonal_001,16,42.35785419339277,-71.05914581439485,False,0.0,0.0,0.0,0.0,2024-06-15T12:00:00
park_diagonal_001_17,park_diagonal_001,17,42.35790758009429,-71.05909242779454,False,0.0,0.0,0.0,0.0,2024-06-15T12:00:00
park_diagonal_001_18,park_diagonal_001,18,42.35796096675046,-71.05903904119421,False,0.0,0.0,0.0,0.0,2024-06-15T12:00:00
park_diagonal_001_19,park_diagonal_001,19,42.35801435336128,-71.0589856545939,False,0.0,0.0,0.0,0.0,2024-06-15T12:00:00
park_diagonal_001_20,park_diagonal_001,20,42.35806773992674,-71.05893226799357,False,0.0,0.0,0.0,0.0,2024-06-15T12:00:00
park_diagonal_001_21,park_diagonal_001,21,42.35812112644684,-71.05887888139326,False,0.0,0.0,0.0,0.0,2024-06-15T12:00:00
park_diagonal_001_22,park_diagonal_001,22,42.358174512921586,-71.05882549479293,False,0.0,0.0,0.0,0.0,2024-06-15T12:00:00
park_diagonal_001_23,park_diagonal_001,23,42.358227899350965,-71.05877210819261,False,0.0,0.0,0.0,0.0,2024-06-15T12:00:00
park_diagonal_001_24,park_diagonal_001,24,42.358281285735,-71.05871872159227,False,0.0,0.0,0.0,0.0,2024-06-15T12:00:00
park_diagonal_001_25,park_diagonal_001,25,42.35833467207368,-71.05866533499196,False,0.0,0.0,0.0,0.0,2024-06-15T12:00:00
park_diagonal_001_26,park_diagonal_001,26,42.358388058367,-71.05861194839163,False,0.0,0.0,0.0,0.0,2024-06-15T12:00:00
park_diagonal_001_27,park_diagonal_001,27,42.358441444614975,-71.05855856179132,False,0.0,0.0,0.0,0.0,2024-06-15T12:00:00
park_diagonal_001_28,park_diagonal_001,28,42.35849483081758,-71.05850517519099,False,0.0,0.0,0.0,0.0,2024-06-15T12:00:00
park_diagonal_001_29,park_diagonal_001,29,42.35854821697483,-71.05845178859067,False,0.0,0.0,0.0,0.0,2024-06-15T12:00:00
park_diagonal_001_30,park_diagonal_001,30,42.35860160308673,-71.05839840199036,False,0.0,0.0,0.0,0.0,2024-06-15T12:00:00
park_diagonal_001_31,park_diagonal_001,31,42.35865498915328,-71.05834501539003,False,0.0,0.0,0.0,0.0,2024-06-15T12:00:00
park_diagonal_001_32,park_diagonal_001,32,42.358708375174466,-71.05829162878972,False,0.0,0.0,0.0,0.0,2024-06-15T12:00:00
park_diagonal_001_33,park_diagonal_001,33,42.35876176115029,-71.05823824218939,False,0.0,0.0,0.0,0.0,2024-06-15T12:00:00
park_diagonal_001_34,park_diagonal_001,34,42.35881514708076,-71.05818485558908,False,0.0,0.0,0.0,0.0,2024-06-15T12:00:00
park_diagonal_001_35,park_diagonal_001,35,42.358868532965886,-71.05813146898873,False,0.0,0.0,0.0,0.0,2024-06-15T12:00:00
park_diagonal_001_36,park_diagonal_001,36,42.35892191880565,-71.05807808238842,False,0.0,0.0,0.0,0.0,2024-06-15T12:00:00
park_diagonal_001_37,park_diagonal_001,37,42.35897530460006,-71.05802469578809,False,0.0,0.0,0.0,0.0,2024-06-15T12:00:00
park_diagonal_001_38,park_diagonal_001,38,42.358999999999995,-71.058,False,0.0,0.0,0.0,0.0,2024-06-15T12:00:00
nesw_001_0,nesw_001,0,42.3575,-71.05849999999998,False,0.0,0.0,0.0,0.0,2024-06-15T12:00:00
nesw_001_1,nesw_001,1,42.35755338715247,-71.05844661367442,False,0.0,0.0,0.0,0.0,2024-06-15T12:00:00
nesw_001_2,nesw_001,2,42.35760677425959,-71.05839322734886,False,0.0,0.0,0.0,0.0,2024-06-15T12:00:00
nesw_001_3,nesw_001,3,42.357660161321334,-71.0583398410233,False,0.0,0.0,0.0,0.0,2024-06-15T12:00:00
nesw_001_4,nesw_001,4,42.357713548337735,-71.05828645469774,False,0.0,0.0,0.0,0.0,2024-06-15T12:00:00
nesw_001_5,nesw_001,5,42.35776693530878,-71.05823306837218,False,0.0,0.0,0.0,0.0,2024-06-15T12:00:00
nesw_001_6,nesw_001,6,42.35782032223447,-71.05817968204661,False,0.0,0.0,0.0,0.0,2024-06-15T12:00:00
nesw_001_7,nesw_001,7,42.357873709114806,-71.05812629572104,False,0.0,0.0,0.0,0.0,2024-06-15T12:00:00
nesw_001_8,nesw_001,8,42.357927095949776,-71.05807290939548,False,0.0,0.0,0.0,0.0,2024-06-15T12:00:00
nesw_001_9,nesw_001,9,42.35798048273939,-71.05801952306993,False,0.0,0.0,0.0,0.0,2024-06-15T12:00:00
nesw_001_10,nesw_001,10,42.35803386948366,-71.05796613674437,False,0.0,0.0,0.0,0.0,2024-06-15T12:00:00
nesw_001_11,nesw_001,11,42.35808725618256,-71.0579127504188,False,0.0,0.0,0.0,0.0,2024-06-15T12:00:00
nesw_001_12,nesw_001,12,42.35814064283611,-71.05785936409323,False,0.0,0.0,0.0,0.0,2024-06-15T12:00:00
nesw_001_13,nesw_001,13,42.358194029444306,-71.05780597776767,False,0.0,0.0,0.0,0.0,2024-06-15T12:00:00
nesw_001_14,nesw_001,14,42.358247416007146,-71.05775259144211,False,0.0,0.0,0.0,0.0,2024-06-15T12:00:00
nesw_001_15,nesw_001,15,42.35830080252463,-71.05769920511655,False,0.0,0.0,0.0,0.0,2024-06-15T12:00:00
nesw_001_16,nesw_001,16,42.358354188996756,-71.05764581879097,False,0.0,0.0,0.0,0.0,2024-06-15T12:00:00
nesw_001_17,nesw_001,17,42.35840757542353,-71.05759243246541,False,0.0,0.0,0.0,0.0,2024-06-15T12:00:00
nesw_001_18,nesw_001,18,42.358460961804944,-71.05753904613985,False,0.0,0.0,0.0,0.0,2024-06-15T12:00:00
nesw_001_19,nesw_001,19,42.358514348141,-71.0574856598143,False,0.0,0.0,0.0,0.0,2024-06-15T12:00:00
nesw_001_20,nesw_001,20,42.3585677344317,-71.05743227348873,False,0.0,0.0,0.0,0.0,2024-06-15T12:00:00
nesw_001_21,nesw_001,21,42.35862112067705,-71.05737888716317,False,0.0,0.0,0.0,0.0,2024-06-15T12:00:00
nesw_001_22,nesw_001,22,42.35867450687704,-71.0573255008376,False,0.0,0.0,0.0,0.0,2024-06-15T12:00:00
nesw_001_23,nesw_001,23,42.35872789303168,-71.05727211451205,False,0.0,0.0,0.0,0.0,2024-06-15T12:00:00
nesw_001_24,nesw_001,24,42.35878127914095,-71.05721872818648,False,0.0,0.0,0.0,0.0,2024-06-15T12:00:00
nesw_001_25,nesw_001,25,42.358834665204874,-71.05716534186092,False,0.0,0.0,0.0,0.0,2024-06-15T12:00:00
nesw_001_26,nesw_001,26,42.35888805122344,-71.05711195553536,False,0.0,0.0,0.0,0.0,2024-06-15T12:00:00
nesw_001_27,nesw_001,27,42.35894143719665,-71.05705856920979,False,0.0,0.0,0.0,0.0,2024-06-15T12:00:00
nesw_001_28,nesw_001,28,42.3589948231245,-71.05700518288423,False,0.0,0.0,0.0,0.0,2024-06-15T12:00:00
nesw_001_29,nesw_001,29,42.35904820900699,-71.05695179655866,False,0.0,0.0,0.0,0.0,2024-06-15T12:00:00
nesw_001_30,nesw_001,30,42.359101594844134,-71.05689841023312,False,0.0,0.0,0.0,0.0,2024-06-15T12:00:00
nesw_001_31,nesw_001,31,42.359154980635914,-71.05684502390754,False,0.0,0.0,0.0,0.0,2024-06-15T12:00:00
nesw_001_32,nesw_001,32,42.35920836638234,-71.05679163758198,False,0.0,0.0,0.0,0.0,2024-06-15T12:00:00
nesw_001_33,nesw_001,33,42.35926175208342,-71.05673825125642,False,0.0,0.0,0.0,0.0,2024-06-15T12:00:00
nesw_001_34,nesw_001,34,42.359315137739124,-71.05668486493086,False,0.0,0.0,0.0,0.0,2024-06-15T12:00:00
nesw_001_35,nesw_001,35,42.35936852334948,-71.0566314786053,False,0.0,0.0,0.0,0.0,2024-06-15T12:00:00
nesw_001_36,nesw_001,36,42.35942190891449,-71.05657809227972,False,0.0,0.0,0.0,0.0,2024-06-15T12:00:00
nesw_001_37,nesw_001,37,42.359475294434134,-71.05652470595416,False,0.0,0.0,0.0,0.0,2024-06-15T12:00:00
nesw_001_38,nesw_001,38,42.3595,-71.0565,False,0.0,0.0,0.0,0.0,2024-06-15T12:00:00
nwse_001_0,nwse_001,0,42.3575,-71.0595,False,0.0,0.0,0.0,0.0,2024-06-15T12:00:00
nwse_001_1,nwse_001,1,42.35755338715247,-71.05944661367442,False,0.0,0.0,0.0,0.0,2024-06-15T12:00:00
nwse_001_2,nwse_001,2,42.35760677425959,-71.05939322734888,False,0.0,0.0,0.0,0.0,2024-06-15T12:00:00
nwse_001_3,nwse_001,3,42.357660161321334,-71.05933984102332,False,0.0,0.0,0.0,0.0,2024-06-15T12:00:00
nwse_001_4,nwse_001,4,42.357713548337735,-71.05928645469776,False,0.0,0.0,0.0,0.0,2024-06-15T12:00:00
nwse_001_5,nwse_001,5,42.35776693530878,-71.05923306837218,False,0.0,0.0,0.0,0.0,2024-06-15T12:00:00
nwse_001_6,nwse_001,6,42.35782032223447,-71.05917968204662,False,0.0,0.0,0.0,0.0,2024-06-15T12:00:00
nwse_001_7,nwse_001,7,42.357873709114806,-71.05912629572107,False,0.0,0.0,0.0,0.0,2024-06-15T12:00:00
nwse_001_8,nwse_001,8,42.357927095949776,-71.05907290939551,False,0.0,0.0,0.0,0.0,2024-06-15T12:00:00
nwse_001_9,nwse_001,9,42.35798048273939,-71.05901952306994,False,0.0,0.0,0.0,0.0,2024-06-15T12:00:00
nwse_001_10,nwse_001,10,42.35803386948366,-71.05896613674437,False,0.0,0.0,0.0,0.0,2024-06-15T12:00:00
nwse_001_11,nwse_001,11,42.35808725618256,-71.05891275041881,False,0.0,0.0,0.0,0.0,2024-06-15T12:00:00
nwse_001_12,nwse_001,12,42.35814064283611,-71.05885936409325,False,0.0,0.0,0.0,0.0,2024-06-15T12:00:00
nwse_001_13,nwse_001,13,42.358194029444306,-71.05880597776769,False,0.0,0.0,0.0,0.0,2024-06-15T12:00:00
nwse_001_14,nwse_001,14,42.358247416007146,-71.05875259144211,False,0.0,0.0,0.0,0.0,2024-06-15T12:00:00
nwse_001_15,nwse_001,15,42.35830080252463,-71.05869920511655,False,0.0,0.0,0.0,0.0,2024-06-15T12:00:00
nwse_001_16,nwse_001,16,42.358354188996756,-71.05864581879099,False,0.0,0.0,0.0,0.0,2024-06-15T12:00:00
nwse_001_17,nwse_001,17,42.35840757542353,-71.05859243246543,False,0.0,0.0,0.0,0.0,2024-06-15T12:00:00
nwse_001_18,nwse_001,18,42.358460961804944,-71.05853904613987,False,0.0,0.0,0.0,0.0,2024-06-15T12:00:00
nwse_001_19,nwse_001,19,42.358514348141,-71.05848565981431,False,0.0,0.0,0.0,0.0,2024-06-15T12:00:00
nwse_001_20,nwse_001,20,42.358567734431695,-71.05843227348875,False,0.0,0.0,0.0,0.0,2024-06-15T12:00:00
nwse_001_21,nwse_001,21,42.35862112067705,-71.05837888716317,False,0.0,0.0,0.0,0.0,2024-06-15T12:00:00
nwse_001_22,nwse_001,22,42.35867450687704,-71.05832550083763,False,0.0,0.0,0.0,0.0,2024-06-15T12:00:00
nwse_001_23,nwse_001,23,42.35872789303168,-71.05827211451206,False,0.0,0.0,0.0,0.0,2024-06-15T12:00:00
nwse_001_24,nwse_001,24,42.35878127914095,-71.0582187281865,False,0.0,0.0,0.0,0.0,2024-06-15T12:00:00
nwse_001_25,nwse_001,25,42.35883466520486,-71.05816534186093,False,0.0,0.0,0.0,0.0,2024-06-15T12:00:00
nwse_001_26,nwse_001,26,42.35888805122344,-71.05811195553535,False,0.0,0.0,0.0,0.0,2024-06-15T12:00:00
nwse_001_27,nwse_001,27,42.35894143719665,-71.0580585692098,False,0.0,0.0,0.0,0.0,2024-06-15T12:00:00
nwse_001_28,nwse_001,28,42.35899482312448,-71.05800518288424,False,0.0,0.0,0.0,0.0,2024-06-15T12:00:00
nwse_001_29,nwse_001,29,42.35904820900699,-71.05795179655868,False,0.0,0.0,0.0,0.0,2024-06-15T12:00:00
nwse_001_30,nwse_001,30,42.35910159484413,-71.05789841023311,False,0.0,0.0,0.0,0.0,2024-06-15T12:00:00
nwse_001_31,nwse_001,31,42.359154980635914,-71.05784502390755,False,0.0,0.0,0.0,0.0,2024-06-15T12:00:00
nwse_001_32,nwse_001,32,42.35920836638234,-71.057791637582,False,0.0,0.0,0.0,0.0,2024-06-15T12:00:00
nwse_001_33,nwse_001,33,42.35926175208341,-71.05773825125642,False,0.0,0.0,0.0,0.0,2024-06-15T12:00:00
nwse_001_34,nwse_001,34,42.359315137739124,-71.05768486493086,False,0.0,0.0,0.0,0.0,2024-06-15T12:00:00
nwse_001_35,nwse_001,35,42.35936852334948,-71.0576314786053,False,0.0,0.0,0.0,0.0,2024-06-15T12:00:00
nwse_001_36,nwse_001,36,42.35942190891449,-71.05757809227974,False,0.0,0.0,0.0,0.0,2024-06-15T12:00:00
nwse_001_37,nwse_001,37,42.359475294434134,-71.05752470595418,False,0.0,0.0,0.0,0.0,2024-06-15T12:00:00
nwse_001_38,nwse_001,38,42.3595,-71.0575,False,0.0,0.0,0.0,0.0,2024-06-15T12:00:00
arterial_long_ns_001_0,arterial_long_ns_001,0,42.356,-71.05600000000001,False,0.0,0.0,0.0,0.0,2024-06-15T12:00:00
arterial_long_ns_001_1,arterial_long_ns_001,1,42.35606638303449,-71.05600000000001,False,0.0,0.0,0.0,0.0,2024-06-15T12:00:00
arterial_long_ns_001_2,arterial_long_ns_001,2,42.35613276599885,-71.05600000000001,False,0.0,0.0,0.0,0.0,2024-06-15T12:00:00
arterial_long_ns_001_3,arterial_long_ns_001,3,42.35619914889309,-71.05600000000001,False,0.0,0.0,0.0,0.0,2024-06-15T12:00:00
arterial_long_ns_001_4,arterial_long_ns_001,4,42.356265531717206,-71.05600000000001,False,0.0,0.0,0.0,0.0,2024-06-15T12:00:00
arterial_long_ns_001_5,arterial_long_ns_001,5,42.3563319144712,-71.05600000000001,False,0.0,0.0,0.0,0.0,2024-06-15T12:00:00
arterial_long_ns_001_6,arterial_long_ns_001,6,42.356398297155074,-71.05600000000001,False,0.0,0.0,0.0,0.0,2024-06-15T12:00:00
arterial_long_ns_001_7,arterial_long_ns_001,7,42.35646467976883,-71.05600000000001,False,0.0,0.0,0.0,0.0,2024-06-15T12:00:00
arterial_long_ns_001_8,arterial_long_ns_001,8,42.35653106231246,-71.05600000000001,False,0.0,0.0,0.0,0.0,2024-06-15T12:00:00
arterial_long_ns_001_9,arterial_long_ns_001,9,42.35659744478596,-71.05600000000001,False,0.0,0.0,0.0,0.0,2024-06-15T12:00:00
arterial_long_ns_001_10,arterial_long_ns_001,10,42.35666382718935,-71.05600000000001,False,0.0,0.0,0.0,0.0,2024-06-15T12:00:00
arterial_long_ns_001_11,arterial_long_ns_001,11,42.35673020952262,-71.05600000000001,False,0.0,0.0,0.0,0.0,2024-06-15T12:00:00
arterial_long_ns_001_12,arterial_long_ns_001,12,42.35679659178576,-71.05600000000001,False,0.0,0.0,0.0,0.0,2024-06-15T12:00:00
arterial_long_ns_001_13,arterial_long_ns_001,13,42.35686297397878,-71.05600000000001,False,0.0,0.0,0.0,0.0,2024-06-15T12:00:00
arterial_long_ns_001_14,arterial_long_ns_001,14,42.35692935610167,-71.05600000000001,False,0.0,0.0,0.0,0.0,2024-06-15T12:00:00
arterial_long_ns_001_15,arterial_long_ns_001,15,42.35699573815445,-71.05600000000001,False,0.0,0.0,0.0,0.0,2024-06-15T12:00:00
arterial_long_ns_001_16,arterial_long_ns_001,16,42.3570621201371,-71.05600000000001,False,0.0,0.0,0.0,0.0,2024-06-15T12:00:00
arterial_long_ns_001_17,arterial_long_ns_001,17,42.35712850204964,-71.05600000000001,False,0.0,0.0,0.0,0.0,2024-06-15T12:00:00
arterial_long_ns_001_18,arterial_long_ns_001,18,42.35719488389205,-71.05600000000001,False,0.0,0.0,0.0,0.0,2024-06-15T12:00:00
arterial_long_ns_001_19,arterial_long_ns_001,19,42.35726126566434,-71.05600000000001,False,0.0,0.0,0.0,0.0,2024-06-15T12:00:00
arterial_long_ns_001_20,arterial_long_ns_001,20,42.35732764736651,-71.05600000000001,False,0.0,0.0,0.0,0.0,2024-06-15T12:00:00
arterial_long_ns_001_21,arterial_long_ns_001,21,42.357394028998556,-71.05600000000001,False,0.0,0.0,0.0,0.0,2024-06-15T12:00:00
arterial_long_ns_001_22,arterial_long_ns_001,22,42.35746041056047,-71.05600000000001,False,0.0,0.0,0.0,0.0,2024-06-15T12:00:00
arterial_long_ns_001_23,arterial_long_ns_001,23,42.35752679205227,-71.05600000000001,False,0.0,0.0,0.0,0.0,2024-06-15T12:00:00
arterial_long_ns_001_24,arterial_long_ns_001,24,42.35759317347396,-71.05600000000001,False,0.0,0.0,0.0,0.0,2024-06-15T12:00:00
arterial_long_ns_001_25,arterial_long_ns_001,25,42.3576595548255,-71.05600000000001,False,0.0,0.0,0.0,0.0,2024-06-15T12:00:00
arterial_long_ns_001_26,arterial_long_ns_001,26,42.357725936106945,-71.05600000000001,False,0.0,0.0,0.0,0.0,2024-06-15T12:00:00
arterial_long_ns_001_27,arterial_long_ns_001,27,42.35779231731826,-71.05600000000001,False,0.0,0.0,0.0,0.0,2024-06-15T12:00:00
arterial_long_ns_001_28,arterial_long_ns_001,28,42.357858698459445,-71.05600000000001,False,0.0,0.0,0.0,0.0,2024-06-15T12:00:00
arterial_long_ns_001_29,arterial_long_ns_001,29,42.35792507953052,-71.05600000000001,False,0.0,0.0,0.0,0.0,2024-06-15T12:00:00
arterial_long_ns_001_30,arterial_long_ns_001,30,42.357991460531466,-71.05600000000001,False,0.0,0.0,0.0,0.0,2024-06-15T12:00:00
arterial_long_ns_001_31,arterial_long_ns_001,31,42.35805784146228,-71.05600000000001,False,0.0,0.0,0.0,0.0,2024-06-15T12:00:00
arterial_long_ns_001_32,arterial_long_ns_001,32,42.35812422232299,-71.05600000000001,False,0.0,0.0,0.0,0.0,2024-06-15T12:00:00
arterial_long_ns_001_33,arterial_long_ns_001,33,42.35819060311356,-71.05600000000001,False,0.0,0.0,0.0,0.0,2024-06-15T12:00:00
arterial_long_ns_001_34,arterial_long_ns_001,34,42.358256983834025,-71.05600000000001,False,0.0,0.0,0.0,0.0,2024-06-15T12:00:00
arterial_long_ns_001_35,arterial_long_ns_001,35,42.358323364484356,-71.05600000000001,False,0.0,0.0,0.0,0.0,2024-06-15T12:00:00
arterial_long_ns_001_36,arterial_long_ns_001,36,42.358389745064564,-71.05600000000001,False,0.0,0.0,0.0,0.0,2024-06-15T12:00:00
arterial_long_ns_001_37,arterial_long_ns_001,37,42.35845612557466,-71.05600000000001,False,0.0,0.0,0.0,0.0,2024-06-15T12:00:00
arterial_long_ns_001_38,arterial_long_ns_001,38,42.35852250601462,-71.05600000000001,False,0.0,0.0,0.0,0.0,2024-06-15T12:00:00
arterial_long_ns_001_39,arterial_long_ns_001,39,42.35858888638447,-71.05600000000001,False,0.0,0.0,0.0,0.0,2024-06-15T12:00:00
arterial_long_ns_001_40,arterial_long_ns_001,40,42.358655266684195,-71.05600000000001,False,0.0,0.0,0.0,0.0,2024-06-15T12:00:00
arterial_long_ns_001_41,arterial_long_ns_001,41,42.3587216469138,-71.05600000000001,False,0.0,0.0,0.0,0.0,2024-06-15T12:00:00
arterial_long_ns_001_42,arterial_long_ns_001,42,42.358788027073274,-71.05600000000001,False,0.0,0.0,0.0,0.0,2024-06-15T12:00:00
arterial_long_ns_001_43,arterial_long_ns_001,43,42.35885440716263,-71.05600000000001,False,0.0,0.0,0.0,0.0,2024-06-15T12:00:00
arterial_long_ns_001_44,arterial_long_ns_001,44,42.35892078718186,-71.05600000000001,False,0.0,0.0,0.0,0.0,2024-06-15T12:00:00
arterial_long_ns_001_45,arterial_long_ns_001,45,42.35898716713098,-71.05600000000001,False,0.0,0.0,0.0,0.0,2024-06-15T12:00:00
arterial_long_ns_001_46,arterial_long_ns_001,46,42.35905354700997,-71.05600000000001,False,0.0,0.0,0.0,0.0,2024-06-15T12:00:00
arterial_long_ns_001_47,arterial_long_ns_001,47,42.359119926818835,-71.05600000000001,False,0.0,0.0,0.0,0.0,2024-06-15T12:00:00
arterial_long_ns_001_48,arterial_long_ns_001,48,42.359186306557575,-71.05600000000001,False,0.0,0.0,0.0,0.0,2024-06-15T12:00:00
arterial_long_ns_001_49,arterial_long_ns_001,49,42.3592526862262,-71.05600000000001,False,0.0,0.0,0.0,0.0,2024-06-15T12:00:00
arterial_long_ns_001_50,arterial_long_ns_001,50,42.35931906582469,-71.05600000000001,False,0.0,0.0,0.0,0.0,2024-06-15T12:00:00
arterial_long_ns_001_51,arterial_long_ns_001,51,42.35938544535306,-71.05600000000001,False,0.0,0.0,0.0,0.0,2024-06-15T12:00:00
arterial_long_ns_001_52,arterial_long_ns_001,52,42.35945182481132,-71.05600000000001,False,0.0,0.0,0.0,0.0,2024-06-15T12:00:00
arterial_long_ns_001_53,arterial_long_ns_001,53,42.35951820419945,-71.05600000000001,False,0.0,0.0,0.0,0.0,2024-06-15T12:00:00
arterial_long_ns_001_54,arterial_long_ns_001,54,42.35958458351746,-71.05600000000001,False,0.0,0.0,0.0,0.0,2024-06-15T12:00:00
arterial_long_ns_001_55,arterial_long_ns_001,55,42.35965096276535,-71.05600000000001,False,0.0,0.0,0.0,0.0,2024-06-15T12:00:00
arterial_long_ns_001_56,arterial_long_ns_001,56,42.35971734194312,-71.05600000000001,False,0.0,0.0,0.0,0.0,2024-06-15T12:00:00
arterial_long_ns_001_57,arterial_long_ns_001,57,42.35978372105076,-71.05600000000001,False,0.0,0.0,0.0,0.0,2024-06-15T12:00:00
arterial_long_ns_001_58,arterial_long_ns_001,58,42.35985010008828,-71.05600000000001,False,0.0,0.0,0.0,0.0,2024-06-15T12:00:00
arterial_long_ns_001_59,arterial_long_ns_001,59,42.35991647905568,-71.05600000000001,False,0.0,0.0,0.0,0.0,2024-06-15T12:00:00
arterial_long_ns_001_60,arterial_long_ns_001,60,42.35998285795295,-71.05600000000001,False,0.0,0.0,0.0,0.0,2024-06-15T12:00:00
arterial_long_ns_001_61,arterial_long_ns_001,61,42.3600492367801,-71.05600000000001,False,0.0,0.0,0.0,0.0,2024-06-15T12:00:00
arterial_long_ns_001_62,arterial_long_ns_001,62,42.360115615537126,-71.05600000000001,False,0.0,0.0,0.0,0.0,2024-06-15T12:00:00
arterial_long_ns_001_63,arterial_long_ns_001,63,42.36018199422403,-71.05600000000001,False,0.0,0.0,0.0,0.0,2024-06-15T12:00:00
arterial_long_ns_001_64,arterial_long_ns_001,64,42.360248372840815,-71.05600000000001,False,0.0,0.0,0.0,0.0,2024-06-15T12:00:00
arterial_long_ns_001_65,arterial_long_ns_001,65,42.36031475138748,-71.05600000000001,False,0.0,0.0,0.0,0.0,2024-06-15T12:00:00
arterial_long_ns_001_66,arterial_long_ns_001,66,42.36038112986402,-71.05600000000001,False,0.0,0.0,0.0,0.0,2024-06-15T12:00:00
arterial_long_ns_001_67,arterial_long_ns_001,67,42.36044750827042,-71.05600000000001,False,0.0,0.0,0.0,0.0,2024-06-15T12:00:00
arterial_long_ns_001_68,arterial_long_ns_001,68,42.36051388660672,-71.05600000000001,False,0.0,0.0,0.0,0.0,2024-06-15T12:00:00
arterial_long_ns_001_69,arterial_long_ns_001,69,42.360580264872894,-71.05600000000001,False,0.0,0.0,0.0,0.0,2024-06-15T12:00:00
arterial_long_ns_001_70,arterial_long_ns_001,70,42.36064664306894,-71.05600000000001,False,0.0,0.0,0.0,0.0,2024-06-15T12:00:00
arterial_long_ns_001_71,arterial_long_ns_001,71,42.36071302119486,-71.05600000000001,False,0.0,0.0,0.0,0.0,2024-06-15T12:00:00
arterial_long_ns_001_72,arterial_long_ns_001,72,42.36077939925066,-71.05600000000001,False,0.0,0.0,0.0,0.0,2024-06-15T12:00:00
arterial_long_ns_001_73,arterial_long_ns_001,73,42.36084577723634,-71.05600000000001,False,0.0,0.0,0.0,0.0,2024-06-15T12:00:00
arterial_long_ns_001_74,arterial_long_ns_001,74,42.36091215515189,-71.05600000000001,False,0.0,0.0,0.0,0.0,2024-06-15T12:00:00
arterial_long_ns_001_75,arterial_long_ns_001,75,42.36097853299732,-71.05600000000001,False,0.0,0.0,0.0,0.0,2024-06-15T12:00:00
arterial_long_ns_001_76,arterial_long_ns_001,76,42.361044910772634,-71.05600000000001,False,0.0,0.0,0.0,0.0,2024-06-15T12:00:00
arterial_long_ns_001_77,arterial_long_ns_001,77,42.36111128847782,-71.05600000000001,False,0.0,0.0,0.0,0.0,2024-06-15T12:00:00
arterial_long_ns_001_78,arterial_long_ns_001,78,42.36117766611288,-71.05600000000001,False,0.0,0.0,0.0,0.0,2024-06-15T12:00:00
arterial_long_ns_001_79,arterial_long_ns_001,79,42.36124404367783,-71.05600000000001,False,0.0,0.0,0.0,0.0,2024-06-15T12:00:00
arterial_long_ns_001_80,arterial_long_ns_001,80,42.36131042117264,-71.05600000000001,False,0.0,0.0,0.0,0.0,2024-06-15T12:00:00
arterial_long_ns_001_81,arterial_long_ns_001,81,42.361376798597334,-71.05600000000001,False,0.0,0.0,0.0,0.0,2024-06-15T12:00:00
arterial_long_ns_001_82,arterial_long_ns_001,82,42.36144317595191,-71.05600000000001,False,0.0,0.0,0.0,0.0,2024-06-15T12:00:00
arterial_long_ns_001_83,arterial_long_ns_001,83,42.36150955323635,-71.05600000000001,False,0.0,0.0,0.0,0.0,2024-06-15T12:00:00
arterial_long_ns_001_84,arterial_long_ns_001,84,42.361575930450684,-71.05600000000001,False,0.0,0.0,0.0,0.0,2024-06-15T12:00:00
arterial_long_ns_001_85,arterial_long_ns_001,85,42.361642307594884,-71.05600000000001,False,0.0,0.0,0.0,0.0,2024-06-15T12:00:00
arterial_long_ns_001_86,arterial_long_ns_001,86,42.36170868466896,-71.05600000000001,False,0.0,0.0,0.0,0.0,2024-06-15T12:00:00
arterial_long_ns_001_87,arterial_long_ns_001,87,42.36177506167293,-71.05600000000001,False,0.0,0.0,0.0,0.0,2024-06-15T12:00:00
arterial_long_ns_001_88,arterial_long_ns_001,88,42.36184143860676,-71.05600000000001,False,0.0,0.0,0.0,0.0,2024-06-15T12:00:00
arterial_long_ns_001_89,arterial_long_ns_001,89,42.36190781547047,-71.05600000000001,False,0.0,0.0,0.0,0.0,2024-06-15T12:00:00
arterial_long_ns_001_90,arterial_long_ns_001,90,42.36197419226406,-71.05600000000001,False,0.0,0.0,0.0,0.0,2024-06-15T12:00:00
arterial_long_ns_001_91,arterial_long_ns_001,91,42.362,-71.05600000000001,False,0.0,0.0,0.0,0.0,2024-06-15T12:00:00
arterial_long_ew_001_0,arterial_long_ew_001,0,42.358999999999995,-71.061,False,0.0,0.0,0.0,0.0,2024-06-15T12:00:00
arterial_long_ew_001_1,arterial_long_ew_001,1,42.358999999999995,-71.0609101684716,False,0.0,0.0,0.0,0.0,2024-06-15T12:00:00
arterial_long_ew_001_2,arterial_long_ew_001,2,42.358999999999995,-71.06082033694318,False,0.0,0.0,0.0,0.0,2024-06-15T12:00:00
arterial_long_ew_001_3,arterial_long_ew_001,3,42.358999999999995,-71.06073050541477,False,0.0,0.0,0.0,0.0,2024-06-15T12:00:00
arterial_long_ew_001_4,arterial_long_ew_001,4,42.358999999999995,-71.06064067388635,False,0.0,0.0,0.0,0.0,2024-06-15T12:00:00
arterial_long_ew_001_5,arterial_long_ew_001,5,42.358999999999995,-71.06055084235794,False,0.0,0.0,0.0,0.0,2024-06-15T12:00:00
arterial_long_ew_001_6,arterial_long_ew_001,6,42.358999999999995,-71.06046101082953,False,0.0,0.0,0.0,0.0,2024-06-15T12:00:00
arterial_long_ew_001_7,arterial_long_ew_001,7,42.358999999999995,-71.06037117930113,False,0.0,0.0,0.0,0.0,2024-06-15T12:00:00
arterial_long_ew_001_8,arterial_long_ew_001,8,42.358999999999995,-71.06028134777272,False,0.0,0.0,0.0,0.0,2024-06-15T12:00:00
arterial_long_ew_001_9,arterial_long_ew_001,9,42.358999999999995,-71.0601915162443,False,0.0,0.0,0.0,0.0,2024-06-15T12:00:00
arterial_long_ew_001_10,arterial_long_ew_001,10,42.358999999999995,-71.06010168471587,False,0.0,0.0,0.0,0.0,2024-06-15T12:00:00
arterial_long_ew_001_11,arterial_long_ew_001,11,42.358999999999995,-71.06001185318748,False,0.0,0.0,0.0,0.0,2024-06-15T12:00:00
arterial_long_ew_001_12,arterial_long_ew_001,12,42.358999999999995,-71.05992202165906,False,0.0,0.0,0.0,0.0,2024-06-15T12:00:00
arterial_long_ew_001_13,arterial_long_ew_001,13,42.358999999999995,-71.05983219013065,False,0.0,0.0,0.0,0.0,2024-06-15T12:00:00
arterial_long_ew_001_14,arterial_long_ew_001,14,42.358999999999995,-71.05974235860224,False,0.0,0.0,0.0,0.0,2024-06-15T12:00:00
arterial_long_ew_001_15,arterial_long_ew_001,15,42.358999999999995,-71.05965252707384,False,0.0,0.0,0.0,0.0,2024-06-15T12:00:00
arterial_long_ew_001_16,arterial_long_ew_001,16,42.358999999999995,-71.05956269554541,False,0.0,0.0,0.0,0.0,2024-06-15T12:00:00
arterial_long_ew_001_17,arterial_long_ew_001,17,42.358999999999995,-71.059472864017,False,0.0,0.0,0.0,0.0,2024-06-15T12:00:00
arterial_long_ew_001_18,arterial_long_ew_001,18,42.358999999999995,-71.05938303248858,False,0.0,0.0,0.0,0.0,2024-06-15T12:00:00
arterial_long_ew_001_19,arterial_long_ew_001,19,42.358999999999995,-71.05929320096018,False,0.0,0.0,0.0,0.0,2024-06-15T12:00:00
arterial_long_ew_001_20,arterial_long_ew_001,20,42.358999999999995,-71.05920336943177,False,0.0,0.0,0.0,0.0,2024-06-15T12:00:00
arterial_long_ew_001_21,arterial_long_ew_001,21,42.358999999999995,-71.05911353790336,False,0.0,0.0,0.0,0.0,2024-06-15T12:00:00
arterial_long_ew_001_22,arterial_long_ew_001,22,42.358999999999995,-71.05902370637493,False,0.0,0.0,0.0,0.0,2024-06-15T12:00:00
arterial_long_ew_001_23,arterial_long_ew_001,23,42.358999999999995,-71.05893387484653,False,0.0,0.0,0.0,0.0,2024-06-15T12:00:00
arterial_long_ew_001_24,arterial_long_ew_001,24,42.358999999999995,-71.05884404331812,False,0.0,0.0,0.0,0.0,2024-06-15T12:00:00
arterial_long_ew_001_25,arterial_long_ew_001,25,42.358999999999995,-71.0587542117897,False,0.0,0.0,0.0,0.0,2024-06-15T12:00:00
arterial_long_ew_001_26,arterial_long_ew_001,26,42.358999999999995,-71.05866438026129,False,0.0,0.0,0.0,0.0,2024-06-15T12:00:00
arterial_long_ew_001_27,arterial_long_ew_001,27,42.358999999999995,-71.05857454873289,False,0.0,0.0,0.0,0.0,2024-06-15T12:00:00
arterial_long_ew_001_28,arterial_long_ew_001,28,42.358999999999995,-71.05848471720448,False,0.0,0.0,0.0,0.0,2024-06-15T12:00:00
arterial_long_ew_001_29,arterial_long_ew_001,29,42.358999999999995,-71.05839488567605,False,0.0,0.0,0.0,0.0,2024-06-15T12:00:00
arterial_long_ew_001_30,arterial_long_ew_001,30,42.358999999999995,-71.05830505414764,False,0.0,0.0,0.0,0.0,2024-06-15T12:00:00
arterial_long_ew_001_31,arterial_long_ew_001,31,42.358999999999995,-71.05821522261924,False,0.0,0.0,0.0,0.0,2024-06-15T12:00:00
arterial_long_ew_001_32,arterial_long_ew_001,32,42.358999999999995,-71.05812539109083,False,0.0,0.0,0.0,0.0,2024-06-15T12:00:00
arterial_long_ew_001_33,arterial_long_ew_001,33,42.358999999999995,-71.05803555956241,False,0.0,0.0,0.0,0.0,2024-06-15T12:00:00
arterial_long_ew_001_34,arterial_long_ew_001,34,42.358999999999995,-71.057945728034,False,0.0,0.0,0.0,0.0,2024-06-15T12:00:00
arterial_long_ew_001_35,arterial_long_ew_001,35,42.358999999999995,-71.05785589650559,False,0.0,0.0,0.0,0.0,2024-06-15T12:00:00
arterial_long_ew_001_36,arterial_long_ew_001,36,42.358999999999995,-71.05776606497717,False,0.0,0.0,0.0,0.0,2024-06-15T12:00:00
arterial_long_ew_001_37,arterial_long_ew_001,37,42.358999999999995,-71.05767623344876,False,0.0,0.0,0.0,0.0,2024-06-15T12:00:00
arterial_long_ew_001_38,arterial_long_ew_001,38,42.358999999999995,-71.05758640192035,False,0.0,0.0,0.0,0.0,2024-06-15T12:00:00
arterial_long_ew_001_39,arterial_long_ew_001,39,42.358999999999995,-71.05749657039195,False,0.0,0.0,0.0,0.0,2024-06-15T12:00:00
arterial_long_ew_001_40,arterial_long_ew_001,40,42.358999999999995,-71.05740673886353,False,0.0,0.0,0.0,0.0,2024-06-15T12:00:00
arterial_long_ew_001_41,arterial_long_ew_001,41,42.358999999999995,-71.0573169073351,False,0.0,0.0,0.0,0.0,2024-06-15T12:00:00
arterial_long_ew_001_42,arterial_long_ew_001,42,42.358999999999995,-71.0572270758067,False,0.0,0.0,0.0,0.0,2024-06-15T12:00:00
arterial_long_ew_001_43,arterial_long_ew_001,43,42.358999999999995,-71.0571372442783,False,0.0,0.0,0.0,0.0,2024-06-15T12:00:00
arterial_long_ew_001_44,arterial_long_ew_001,44,42.358999999999995,-71.05704741274988,False,0.0,0.0,0.0,0.0,2024-06-15T12:00:00
arterial_long_ew_001_45,arterial_long_ew_001,45,42.358999999999995,-71.05695758122147,False,0.0,0.0,0.0,0.0,2024-06-15T12:00:00
arterial_long_ew_001_46,arterial_long_ew_001,46,42.358999999999995,-71.05686774969305,False,0.0,0.0,0.0,0.0,2024-06-15T12:00:00
arterial_long_ew_001_47,arterial_long_ew_001,47,42.358999999999995,-71.05677791816464,False,0.0,0.0,0.0,0.0,2024-06-15T12:00:00
arterial_long_ew_001_48,arterial_long_ew_001,48,42.358999999999995,-71.05668808663623,False,0.0,0.0,0.0,0.0,2024-06-15T12:00:00
arterial_long_ew_001_49,arterial_long_ew_001,49,42.358999999999995,-71.05659825510782,False,0.0,0.0,0.0,0.0,2024-06-15T12:00:00
arterial_long_ew_001_50,arterial_long_ew_001,50,42.358999999999995,-71.0565084235794,False,0.0,0.0,0.0,0.0,2024-06-15T12:00:00
arterial_long_ew_001_51,arterial_long_ew_001,51,42.358999999999995,-71.056418592051,False,0.0,0.0,0.0,0.0,2024-06-15T12:00:00
arterial_long_ew_001_52,arterial_long_ew_001,52,42.358999999999995,-71.05632876052259,False,0.0,0.0,0.0,0.0,2024-06-15T12:00:00
arterial_long_ew_001_53,arterial_long_ew_001,53,42.358999999999995,-71.05623892899418,False,0.0,0.0,0.0,0.0,2024-06-15T12:00:00
arterial_long_ew_001_54,arterial_long_ew_001,54,42.358999999999995,-71.05614909746575,False,0.0,0.0,0.0,0.0,2024-06-15T12:00:00
arterial_long_ew_001_55,arterial_long_ew_001,55,42.358999999999995,-71.05605926593735,False,0.0,0.0,0.0,0.0,2024-06-15T12:00:00
arterial_long_ew_001_56,arterial_long_ew_001,56,42.358999999999995,-71.05596943440894,False,0.0,0.0,0.0,0.0,2024-06-15T12:00:00
arterial_long_ew_001_57,arterial_long_ew_001,57,42.358999999999995,-71.05587960288052,False,0.0,0.0,0.0,0.0,2024-06-15T12:00:00
arterial_long_ew_001_58,arterial_long_ew_001,58,42.358999999999995,-71.05578977135211,False,0.0,0.0,0.0,0.0,2024-06-15T12:00:00
arterial_long_ew_001_59,arterial_long_ew_001,59,42.358999999999995,-71.0556999398237,False,0.0,0.0,0.0,0.0,2024-06-15T12:00:00
arterial_long_ew_001_60,arterial_long_ew_001,60,42.358999999999995,-71.05561010829528,False,0.0,0.0,0.0,0.0,2024-06-15T12:00:00
arterial_long_ew_001_61,arterial_long_ew_001,61,42.358999999999995,-71.05552027676687,False,0.0,0.0,0.0,0.0,2024-06-15T12:00:00
arterial_long_ew_001_62,arterial_long_ew_001,62,42.358999999999995,-71.05543044523846,False,0.0,0.0,0.0,0.0,2024-06-15T12:00:00
arterial_long_ew_001_63,arterial_long_ew_001,63,42.358999999999995,-71.05534061371006,False,0.0,0.0,0.0,0.0,2024-06-15T12:00:00
arterial_long_ew_001_64,arterial_long_ew_001,64,42.358999999999995,-71.05525078218164,False,0.0,0.0,0.0,0.0,2024-06-15T12:00:00
arterial_long_ew_001_65,arterial_long_ew_001,65,42.358999999999995,-71.05516095065323,False,0.0,0.0,0.0,0.0,2024-06-15T12:00:00
arterial_long_ew_001_66,arterial_long_ew_001,66,42.358999999999995,-71.0550711191248,False,0.0,0.0,0.0,0.0,2024-06-15T12:00:00
arterial_long_ew_001_67,arterial_long_ew_001,67,42.358999999999995,-71.055,False,0.0,0.0,0.0,0.0,2024-06-15T12:00:00
complex_zigzag_001_0,complex_zigzag_001,0,42.361,-71.0575,False,0.0,0.0,0.0,0.0,2024-06-15T12:00:00
complex_zigzag_001_1,complex_zigzag_001,1,42.36105338500403,-71.0574466151857,False,0.0,0.0,0.0,0.0,2024-06-15T12:00:00
complex_zigzag_001_2,complex_zigzag_001,2,42.36110676996271,-71.0573932303714,False,0.0,0.0,0.0,0.0,2024-06-15T12:00:00
complex_zigzag_001_3,complex_zigzag_001,3,42.361160154876025,-71.05733984555708,False,0.0,0.0,0.0,0.0,2024-06-15T12:00:00
complex_zigzag_001_4,complex_zigzag_001,4,42.361213539743986,-71.05728646074279,False,0.0,0.0,0.0,0.0,2024-06-15T12:00:00
complex_zigzag_001_5,complex_zigzag_001,5,42.36126692456659,-71.05723307592848,False,0.0,0.0,0.0,0.0,2024-06-15T12:00:00
complex_zigzag_001_6,complex_zigzag_001,6,42.36132030934384,-71.05717969111419,False,0.0,0.0,0.0,0.0,2024-06-15T12:00:00
complex_zigzag_001_7,complex_zigzag_001,7,42.36137369407572,-71.05712630629988,False,0.0,0.0,0.0,0.0,2024-06-15T12:00:00
complex_zigzag_001_8,complex_zigzag_001,8,42.36142707876225,-71.05707292148557,False,0.0,0.0,0.0,0.0,2024-06-15T12:00:00
complex_zigzag_001_9,complex_zigzag_001,9,42.36148046340342,-71.05701953667126,False,0.0,0.0,0.0,0.0,2024-06-15T12:00:00
complex_zigzag_001_10,complex_zigzag_001,10,42.361466151982526,-71.05696615185697,False,0.0,0.0,0.0,0.0,2024-06-15T12:00:00
complex_zigzag_001_11,complex_zigzag_001,11,42.361412767329185,-71.05691276704266,False,0.0,0.0,0.0,0.0,2024-06-15T12:00:00
complex_zigzag_001_12,complex_zigzag_001,12,42.3613593826305,-71.05685938222837,False,0.0,0.0,0.0,0.0,2024-06-15T12:00:00
complex_zigzag_001_13,complex_zigzag_001,13,42.36130599788646,-71.05680599741406,False,0.0,0.0,0.0,0.0,2024-06-15T12:00:00
complex_zigzag_001_14,complex_zigzag_001,14,42.36125261309705,-71.05675261259974,False,0.0,0.0,0.0,0.0,2024-06-15T12:00:00
complex_zigzag_001_15,complex_zigzag_001,15,42.361199228262294,-71.05669922778544,False,0.0,0.0,0.0,0.0,2024-06-15T12:00:00
complex_zigzag_001_16,complex_zigzag_001,16,42.361145843382175,-71.05664584297115,False,0.0,0.0,0.0,0.0,2024-06-15T12:00:00
complex_zigzag_001_17,complex_zigzag_001,17,42.361092458456696,-71.05659245815684,False,0.0,0.0,0.0,0.0,2024-06-15T12:00:00
complex_zigzag_001_18,complex_zigzag_001,18,42.361039073485856,-71.05653907334253,False,0.0,0.0,0.0,0.0,2024-06-15T12:00:00
complex_zigzag_001_19,complex_zigzag_001,19,42.36101431152707,-71.05648568852824,False,0.0,0.0,0.0,0.0,2024-06-15T12:00:00
complex_zigzag_001_20,complex_zigzag_001,20,42.36106769651895,-71.05643230371392,False,0.0,0.0,0.0,0.0,2024-06-15T12:00:00
complex_zigzag_001_21,complex_zigzag_001,21,42.36112108146546,-71.05637891889963,False,0.0,0.0,0.0,0.0,2024-06-15T12:00:00
complex_zigzag_001_22,complex_zigzag_001,22,42.36117446636663,-71.05632553408532,False,0.0,0.0,0.0,0.0,2024-06-15T12:00:00
complex_zigzag_001_23,complex_zigzag_001,23,42.361227851222424,-71.05627214927102,False,0.0,0.0,0.0,0.0,2024-06-15T12:00:00
complex_zigzag_001_24,complex_zigzag_001,24,42.361281236032866,-71.05621876445672,False,0.0,0.0,0.0,0.0,2024-06-15T12:00:00
complex_zigzag_001_25,complex_zigzag_001,25,42.36133462079796,-71.05616537964241,False,0.0,0.0,0.0,0.0,2024-06-15T12:00:00
complex_zigzag_001_26,complex_zigzag_001,26,42.361388005517696,-71.0561119948281,False,0.0,0.0,0.0,0.0,2024-06-15T12:00:00
complex_zigzag_001_27,complex_zigzag_001,27,42.36144139019206,-71.0560586100138,False,0.0,0.0,0.0,0.0,2024-06-15T12:00:00
complex_zigzag_001_28,complex_zigzag_001,28,42.36149477482107,-71.0560052251995,False,0.0,0.0,0.0,0.0,2024-06-15T12:00:00
complex_zigzag_001_29,complex_zigzag_001,29,42.36149999999999,-71.05600000000001,False,0.0,0.0,0.0,0.0,2024-06-15T12:00:00
l_shaped_001_0,l_shaped_001,0,42.361,-71.05899999999998,False,0.0,0.0,0.0,0.0,2024-06-15T12:00:00
l_shaped_001_1,l_shaped_001,1,42.361,-71.05891016847157,False,0.0,0.0,0.0,0.0,2024-06-15T12:00:00
l_shaped_001_2,l_shaped_001,2,42.361,-71.05882033694317,False,0.0,0.0,0.0,0.0,2024-06-15T12:00:00
l_shaped_001_3,l_shaped_001,3,42.361,-71.05873050541476,False,0.0,0.0,0.0,0.0,2024-06-15T12:00:00
l_shaped_001_4,l_shaped_001,4,42.361,-71.05864067388634,False,0.0,0.0,0.0,0.0,2024-06-15T12:00:00
l_shaped_001_5,l_shaped_001,5,42.361,-71.05855084235793,False,0.0,0.0,0.0,0.0,2024-06-15T12:00:00
l_shaped_001_6,l_shaped_001,6,42.360971190343534,-71.05849999999998,False,0.0,0.0,0.0,0.0,2024-06-15T12:00:00
l_shaped_001_7,l_shaped_001,7,42.36090481249035,-71.05849999999998,False,0.0,0.0,0.0,0.0,2024-06-15T12:00:00
l_shaped_001_8,l_shaped_001,8,42.360838434567036,-71.05849999999998,False,0.0,0.0,0.0,0.0,2024-06-15T12:00:00
l_shaped_001_9,l_shaped_001,9,42.3607720565736,-71.05849999999998,False,0.0,0.0,0.0,0.0,2024-06-15T12:00:00
l_shaped_001_10,l_shaped_001,10,42.360705678510044,-71.05849999999998,False,0.0,0.0,0.0,0.0,2024-06-15T12:00:00
l_shaped_001_11,l_shaped_001,11,42.360639300376356,-71.05849999999998,False,0.0,0.0,0.0,0.0,2024-06-15T12:00:00
l_shaped_001_12,l_shaped_001,12,42.36057292217256,-71.05849999999998,False,0.0,0.0,0.0,0.0,2024-06-15T12:00:00
l_shaped_001_13,l_shaped_001,13,42.36050654389863,-71.05849999999998,False,0.0,0.0,0.0,0.0,2024-06-15T12:00:00
l_shaped_001_14,l_shaped_001,14,42.36044016555458,-71.05849999999998,False,0.0,0.0,0.0,0.0,2024-06-15T12:00:00
l_shaped_001_15,l_shaped_001,15,42.360373787140404,-71.05849999999998,False,0.0,0.0,0.0,0.0,2024-06-15T12:00:00
l_shaped_001_16,l_shaped_001,16,42.36030740865612,-71.05849999999998,False,0.0,0.0,0.0,0.0,2024-06-15T12:00:00
l_shaped_001_17,l_shaped_001,17,42.3602410301017,-71.05849999999998,False,0.0,0.0,0.0,0.0,2024-06-15T12:00:00
l_shaped_001_18,l_shaped_001,18,42.36017465147716,-71.05849999999998,False,0.0,0.0,0.0,0.0,2024-06-15T12:00:00
l_shaped_001_19,l_shaped_001,19,42.3601082727825,-71.05849999999998,False,0.0,0.0,0.0,0.0,2024-06-15T12:00:00
l_shaped_001_20,l_shaped_001,20,42.36004189401771,-71.05849999999998,False,0.0,0.0,0.0,0.0,2024-06-15T12:00:00
l_shaped_001_21,l_shaped_001,21,42.36,-71.05849999999998,False,0.0,0.0,0.0,0.0,2024-06-15T12:00:00
